わざ名,配布対象
いちゃもん,"もりみつ、うめ、とうま、もりもり、あゆま、ともき、まっちゃん、みっちー、せな、
いっくん"
うそなき,とうま、あゆま、みっちー
おきみやげ,とうま、あゆま、みっちー
おだてる,もりみつ、たかほ、まっちゃん
すてゼリフ,あゆま
すりかえ,ともき、みっちー
ちょうはつ,えいらく、もりみつ、うめ、とうま、あゆま、まっちゃん、みっちー
つめとぎ,とうま、あゆま、みっちー、にしき
わるだくみ,"えいらく、たつた、もりみつ、うめ、まちだ、とうま、もりもり、あゆま、ともき、
はるた、まっちゃん、みっちー、にしき、せな、いっくん、ふうと、れおさん"
イカサマ,とうま、あゆま、みっちー
うっぷんばらし,もりもり、あゆま、ともき、はるた、まっちゃん、せな
かみくだく,とうま、あゆま、みっちー
かみつく,とうま、あゆま、みっちー
くらいつく,とうま、あゆま、まっちゃん、みっちー、にしき
じごくづき,もりみつ、とうま、あゆま、みっちー
しっぺがえし,とうま、あゆま、みっちー
ダメおし,とうま、あゆま、みっちー
つけあがる,とうま
つじぎり,とうま、あゆま、ぶっちー
どろぼう,とうま、あゆま、みっちー
なげつける,たつた、うめ、とうま、あゆま、ともき、せな
はたきおとす,とうま、もりもり、あゆま、みっちー
ふいうち,もりみつ、とうま、あゆま、ともき、みっちー
ふくろだたき,とうま、あゆま、みっちー
ぶんまわす,まっちゃん
あくのはどう,とうま、あゆま、みっちー、れおさん
カタストロフィ,とうま、もりもり、あゆま、いっくん
ナイトバースト,とうま、あゆま、みっちー
バークアウト,あゆま、みっちー
ステルスロック,もりみつ、たかほ、うめ、とうま、もりもり、ともき、みっちー、いっくん
すなあらし,いっくん
ロックカット,たつた、たかほ、にしき、いっくん、まこっちゃん
アクセルロック,たかほ、いっくん
いわおとし,たかほ、とうま、いっくん
いわなだれ,たかほ、とうま、いっくん
がんせきふうじ,たかほ、いっくん
ころがる,たかほ、うめ、はるた、いっくん
ストーンエッジ,えいらく、たかほ、いっくん
ロックブラスト,たかほ、いっくん
げんしのちから,れおさん
パワージェム,たかほ、いっくん
メテオビーム,たつた、たかほ、いっくん
いやしのねがい,ぶっちー、はるた、にしき、まこっちゃん
ガードシェア,ぶっちー、にしき、いっくん
ガードスワップ,ぶっちー、みっちー、にしき
こうそくいどう,えいらく、まちだ、あゆま、ともき、はるた、まっちゃん、みっちー
コスモパワー,れおさん
サイコフィールド,ぶっちー、みっちー、にしき
さいみんじゅつ,みっちー、にしき、れおさん
じゅうりょく,みっちー、にしき
スキルスワップ,ぶっちー、みっちー、にしき
テレポート,もりみつ、れおさん
トリック,とうま、ぶっちー、みっちー、にしき、まこっちゃん
トリックルーム,にしき
ドわすれ,"たつた、うめ、とうま、もりもり、あゆま、まっちゃん、にしき、せな、いっくん、
ふうと
"
ねむる,"えいらく、たつた、もりみつ、たかほ、うめ、まちだ、とうま、もりもり、あゆま、
ぶっちー、ともき、はるた、まっちゃん、みっちー、にしき、せな、いっくん、
まこっちゃん"
パワーシェア,もりみつ、たかほ、ぶっちー、まっちゃん、みっちー、にしき
パワースワップ,みっちー、にしき
パワートリック,とうま、ぶっちー、みっちー、にしき、まこっちゃん
ひかりのかべ,もりみつ、うめ、ぶっちー、はるた、みっちー、にしき、まこっちゃん、れおさん
ふういん,ぶっちー、みっちー、にしき、まこっちゃん
めいそう,たかほ、まっちゃん、にしき、れおさん、まこっちゃん
リフレクター,もりみつ、うめ、はるた、みっちー、にしき、まこっちゃん、れおさん
サイコカッター,とうま、ぶっちー、みっちー、にしき
サイコファング,ぶっちー、みっちー、にしき
しねんのずつき,みっちー、にしき
アシストパワー,もりみつ、たかほ、ぶっちー、まっちゃん、みっちー、にしき、まこっちゃん
サイケこうせん,ぶっちー、みっちー、にしき、まこっちゃん
サイコキネシス,ぶっちー、みっちー、にしき、まこっちゃん、れおさん
サイコショック,ぶっちー、みっちー、にしき、まこっちゃん
サイコノイズ,ぶっちー、みっちー、にしき
じんつうりき,れおさん
ねんりき,れおさん
ミラーコート,ぶっちー、みっちー、にしき
みらいよち,もりみつ、みっちー、まこっちゃん
ゆめくい,みっちー、にしき
はいすいのじん,えいらく、たつた、とうま、はるた、にしき、せな
ビルドアップ,えいらく、もりみつ、あゆま、まっちゃん
みきり,たかほ、とうま、まっちゃん
アームハンマー,えいらく、とうま、もりもり、まっちゃん
いわくだき,えいらく、たかほ、とうま、もりもり、あゆま、まっちゃん
インファイト,とうま、まっちゃん
カウンター,えいらく、たかほ、とうま、あゆま、まっちゃん
かかとおとし,とうま、まっちゃん
かわらわり,たかほ、とうま、まっちゃん
きあいパンチ,えいらく、たかほ、とうま、もりもり、あゆま、まっちゃん
きしかいせい,たつた、うめ、まっちゃん、にしき、いっくん
クロスチョップ,えいらく、たかほ、とうま、まっちゃん
けたぐり,たかほ、とうま、まっちゃん
つっぱり,もりもり、いっくん
とびひざげり,とうま、まっちゃん
ともえなげ,とうま
トリプルキック,たかほ、とうま、まっちゃん
ドレインパンチ,もりみつ、たかほ、とうま、まっちゃん
にどげり,たかほ、とうま、あゆま、まっちゃん
ばかぢから,えいらく、あゆま、まっちゃん
ばくれつパンチ,まっちゃん
はっけい,とうま
はやてがえし,もりみつ、たかほ
ボディプレス,もりもり、いっくん
マッハパンチ,まっちゃん
ローキック,とうま、あゆま、まっちゃん、ふうと
いのちがけ,れおさん
きあいだま,えいらく、たかほ、もりもり、あゆま、まっちゃん、れおさん
しんくうは,みっちー、まこっちゃん
はどうだん,えいらく、とうま、あゆま、まっちゃん、れおさん
キノコのほうし,たつた、せな、いっくん
グラスフィールド,たつた、とうま、ぶっちー
こうごうせい,たつた、たかほ
コットンガード,たつた
しびれごな,たつた、たかほ、はるた、まっちゃん、
ちからをすいとる,れおさん
なやみのタネ,たかほ、もりもり
ねをはる,たつた、もりみつ、たかほ
やどりぎのタネ,たつた、たかほ
わたほうし,たつた
ウッドハンマー,たつた、たかほ
ウッドホーン,たつた、たかほ
えだづき,もりみつ、もりもり
くさわけ,たつた、たかほ
グラススライダー,たつた、たかほ
ソーラーブレード,たつた、はるた
タネばくだん,たつた、たかほ
タネマシンガン,まっちゃん
つるのムチ,たつた、たかほ
はっぱカッター,たつた、たかほ、とうま、ぶっちー
はなふぶき,たつた、たかほ、まちだ
パワーウィップ,たかほ
リーフブレード,たつた、たかほ、いっくん
エナジーボール,たつた、たかほ、れおさん
ギガドレイン,たつた、たかほ、あゆま、まっちゃん、みっちー、せな、いっくん
くさむすび,たつた、たかほ、もりもり、はるた、れおさん
すいとる,いっくん
ソーラービーム,たつた、はるた
ハードプラント,たかほ
はなびらのまい,たつた、たかほ、まちだ、ふうと
マジカルリーフ,まちだ、ぶっちー、はるた、まこっちゃん
メガドレイン,たつた、たかほ、あゆま、まっちゃん、みっちー、にしき、せな、いっくん
リーフストーム,たつた、たかほ
あやしいひかり,うめ、にしき、れおさん
のろい,れおさん
みちづれ,えいらく、もりみつ、うめ、とうま、ともき、みっちー、にしき、せな、れおさん
おどろかす,もりみつ、うめ、とうま、もりもり、あゆま、みっちー、いっくん
かげうち,うめ、みっちー、にしき、れおさん
かげぬい,うめ、みっちー、にしき、れおさん
ゴーストダイブ,うめ、にしき、れおさん
したでなめる,れおさん
シャドークロー,うめ、にしき、れおさん
シャドーパンチ,うめ、まっちゃん、にしき、れおさん
ふんどのこぶし,うめ、まっちゃん、にしき、れおさん
ポルターガイスト,うめ、れおさん
うらみつらみ,にしき
シャドーボール,うめ、にしき、れおさん
シャドーレイ,うめ、にしき、れおさん
たたりめ,うめ、みっちー、にしき、せな、れおさん
オーロラベール,たつた、ともき、はるた
くろいきり,うめ、ともき
さむいギャグ,あゆま、ともき
しろいきり,うめ、はるた
ゆきげしき,たつた、うめ
アイススピナー,ともき、はるた
アイスハンマー,ともき、はるた
こおりのキバ,ともき、はるた
こおりのつぶて,たつた、うめ、ともき、はるた
つららおとし,たつた、うめ、ともき、はるた
つららばり,たつた、うめ、ともき、はるた
トリプルアクセル,ともき、はるた
ゆきなだれ,たつた、うめ、ともき、はるた
れいとうパンチ,ともき、はるた、まっちゃん
オーロラビーム,ともき、はるた
こおりのいぶき,ともき、はるた
こごえるかぜ,ともき、はるた
こなゆき,うめ、ともき、はるた
ぜったいれいど,あゆま、ともき、はるた
ふぶき,たつた、うめ
フリーズドライ,にしき
れいとうビーム,ともき、はるた
すなかけ,もりみつ、うめ、とうま、れおさん
まきびし,もりみつ、うめ、もりもり、みっちー
10まんばりき,えいらく、まちだ、まっちゃん
あなをほる,えいらく、たつた、もりもり、あゆま、いっくん
じしん,まちだ、もりもり
じだんだ,"えいらく、もりみつ、うめ、もりもり、あゆま、はるた、まっちゃん、せな、いっくん
"
じならし,まちだ、もりもり
じわれ,まちだ、もりもり
すなじごく,いっくん
ドリルライナー,まちだ、もりもり、せな
ぶちかまし,まちだ、もりもり、せな、いっくん
ボーンラッシュ,"たつた、もりみつ、うめ、まちだ、とうま、もりもり、はるた、まっちゃん
"
だいちのちから,まちだ、もりもり、れおさん
どろかけ,もりみつ、うめ、とうま、もりもり、れおさん
ねっさのあらし,まちだ、もりもり
ねっさのだいち,まちだ、もりもり、いっくん
マッドショット,もりみつ、うめ、まちだ、とうま、もりもり、れおさん
エレキフィールド,うめ、せな、ぶっちー、まこっちゃん
かいでんぱ,うめ、れおさん
じゅうでん,"えいらく、たつた、もりみつ、たかほ、うめ、まちだ、とうま、もりもり、あゆま、
ぶっちー、ともき、はるた、まっちゃん、みっちー、にしき、せな、いっくん、ふうと、
まこっちゃん、れおさん"
でんじは,"えいらく、たつた、もりみつ、たかほ、うめ、まちだ、とうま、あゆま、ぶっちー、
ともき、はるた、まっちゃん、みっちー、にしき、せな、ふうと、まこっちゃん"
でんじふゆう,うめ、せな、まこっちゃん、れおさん
かみなりのキバ,うめ、せな
かみなりパンチ,うめ、まっちゃん、せな
サンダーダイブ,うめ、まちだ、あゆま、はるた、みっちー、せな
スパーク,"もりみつ、うめ、まちだ、とうま、あゆま、ともき、はるた、まっちゃん、みっちー、
せな、ふうと、まこっちゃん、れおさん"
ほっぺすりすり,もりもり
ボルテッカー,まちだ、はるた、みっちー、せな
ワイルドボルト,うめ、せな
10まんボルト,"もりみつ、うめ、まちだ、とうま、あゆま、ともき、はるた、まっちゃん、みっちー、
せな、ふうと、まこっちゃん、れおさん"
エレキネット,うめ、せな、まこっちゃん、れおさん
エレキボール,うめ、せな、まこっちゃん、れおさん
かみなり,うめ、あゆま、せな、まこっちゃん
チャージビーム,うめ、ぶっちー、せな、れおさん、まこっちゃん
でんきショック,"えいらく、たつた、もりみつ、たかほ、うめ、まちだ、とうま、もりもり、あゆま、
ぶっちー、ともき、はるた、まっちゃん、みっちー、にしき、せな、いっくん、ふうと、
まこっちゃん、れおさん"
でんげきは,"もりみつ、うめ、まちだ、とうま、あゆま、ともき、はるた、まっちゃん、みっちー、
せな、ふうと、まこっちゃん、れおさん"
でんじほう,うめ、せな、まこっちゃん
パラボラチャージ,うめ、せな、まこっちゃん
ほうでん,うめ、せな、まこっちゃん
ボルトチェンジ,うめ、まちだ、あゆま、はるた、みっちー、せな、まこっちゃん
いえき,もりもり、いっくん
トーチカ,いっくん、まこっちゃん
どくガス,いっくん
どくどく,もりみつ、うめ、とうま、あゆま、みっちー、いっくん、まこっちゃん
どくのこな,たつた、まこっちゃん
どくびし,うめ、みっちー、いっくん、まこっちゃん
とぐろをまく,ぶっちー、にしき、れおさん
とける,にしき、いっくん、まこっちゃん
クロスポイズン,いっくん、まこっちゃん
ダストシュート,もりみつ、はるた、いっくん
どくづき,もりみつ、とうま、みっちー、まこっちゃん
どくどくのキバ,うめ、いっくん
アシッドボム,たつた、いっくん、まこっちゃん
クリアスモッグ,ぶっちー、まこっちゃん
ゲップ,もりもり、いっくん
ヘドロばくだん,もりもり、いっくん、れおさん
ベノムショック,たつた、まこっちゃん
ようかいえき,もりもり、いっくん
りゅうのまい,たつた、まっちゃん
げきりん,あゆま、まっちゃん、せな
スケイルショット,たつた、まっちゃん
ドラゴンクロー,たつた、まっちゃん
ドラゴンダイブ,たつた、まっちゃん
ドラゴンテール,たつた、まっちゃん
ワイドブレイカー,たつた、まっちゃん
たつまき,たつた、まっちゃん
ときのほうこう,まこっちゃん
りゅうせいぐん,たつた、まっちゃん
りゅうのいぶき,たつた、まっちゃん
りゅうのはどう,たつた、まっちゃん、れおさん
あくび,"たつた、うめ、まちだ、とうま、もりもり、あゆま、ぶっちー、ともき、はるた、
まっちゃん、にしき、せな、いっくん、ふうと、れおさん"
あさのひざし,えいらく、たかほ、まちだ、はるた、ふうと、まこっちゃん
アンコール,"えいらく、たかほ、まちだ、とうま、もりもり、あゆま、ぶっちー、はるた、まっちゃん、
にしき、せな、いっくん、ふうと、まこっちゃん、れおさん"
いたみわけ,もりみつ、みっちー
いばる,"もりみつ、とうま、もりもり、あゆま、ともき、まっちゃん、みっちー、いっくん、
ふうと"
いやなおと,れおさん
うたう,えいらく、たつた、ふうと
えんまく,うめ、とうま、あゆま、ともき、みっちー、いっくん
おたけび,もりみつ、うめ、とうま、もりもり、あゆま、まっちゃん、いっくん
かげぶんしん,えいらく、とうま、ふうと
かたくなる,"えいらく、たつた、もりみつ、たかほ、うめ、まちだ、とうま、もりもり、あゆま、
ぶっちー、ともき、はるた、まっちゃん、みっちー、にしき、せな、いっくん、ふうと、
まこっちゃん、れおさん"
かなしばり,れおさん
からをやぶる,まちだ、あゆま、みっちー
きあいだめ,まちだ、はるた、まっちゃん、ふうと
くすぐる,とうま
くろいまなざし,みっちー
こらえる,"たつた、もりみつ、たかほ、まちだ、あゆま、ともき、はるた、まっちゃん、
みっちー、まこっちゃん"
こわいかお,あゆま、まっちゃん
さいきのいのり,たかほ、まこっちゃん
じこあんじ,もりもり、れおさん
じこさいせい,"えいらく、たつた、もりみつ、たかほ、うめ、まちだ、とうま、あゆま、ぶっちー、
ともき、はるた、まっちゃん、みっちー、せな、いっくん、ふうと、まこっちゃん"
しっぽぎり,もりみつ、うめ、とうま、ともき、いっくん
しっぽをふる,えいらく、はるた
しんぴのまもり,れおさん
せいちょう,"えいらく、たつた、もりみつ、たかほ、うめ、まちだ、とうま、もりもり、あゆま、
ぶっちー、ともき、はるた、まっちゃん、みっちー、にしき、せな、いっくん、ふうと、
まこっちゃん、れおさん"
たくわえる,えいらく、もりみつ、たかほ、まちだ、ともき、みっちー、まこっちゃん
ちいさくなる,"えいらく、たつた、もりみつ、たかほ、うめ、まちだ、とうま、もりもり、あゆま、
ぶっちー、ともき、はるた、まっちゃん、みっちー、にしき、せな、いっくん、ふうと、
まこっちゃん、れおさん"
ちょうおんぱ,もりもり、れおさん
つぼをつく,もりみつ、たかほ、みっちー、まこっちゃん
つるぎのまい,とうま、ぶっちー、いっくん、ふうと
ないしょばなし,"えいらく、たつた、もりみつ、たかほ、うめ、まちだ、とうま、もりもり、あゆま、
ぶっちー、ともき、はるた、まっちゃん、みっちー、にしき、せな、いっくん、ふうと、
まこっちゃん、れおさん"
なかまづくり,もりもり
なまける,とうま
にらみつける,あゆま、まっちゃん
ねがいごと,れおさん
ねごと,あゆま、ぶっちー、にしき、いっくん、ふうと
ハッピータイム,れおさん
バトンタッチ,"えいらく、たつた、もりみつ、たかほ、まちだ、とうま、もりもり、あゆま、ぶっちー、
ともき、はるた、まっちゃん、みっちー、にしき、せな、いっくん、ふうと、
まこっちゃん"
はねる,たかほ、もりもり、いっくん
はらだいこ,もりもり、いっくん
フラフラダンス,えいらく、ふうと
ふるいたてる,えいらく、たかほ、もりもり、あゆま、まっちゃん、せな、いっくん、ふうと
ほえる,もりみつ、うめ、とうま、もりもり、あゆま、まっちゃん、せな、いっくん
ほおばる,たつた、うめ、はるた、いっくん、ふうと、まこっちゃん
まねっこ,ともき、ふうと
まもる,"えいらく、たつた、もりみつ、うめ、まちだ、とうま、もりもり、あゆま、ぶっちー、
はるた、まっちゃん、みっちー、にしき、せな、いっくん、ふうと、まこっちゃん、
れおさん"
みがわり,"えいらく、たつた、もりみつ、うめ、まちだ、とうま、もりもり、あゆま、ぶっちー、
ともき、はるた、まっちゃん、みっちー、にしき、せな、いっくん、ふうと、
れおさん"
ミルクのみ,ふうと
みをけずる,"えいらく、たつた、もりみつ、たかほ、うめ、まちだ、とうま、もりもり、あゆま、
ぶっちー、ともき、はるた、まっちゃん、みっちー、にしき、せな、いっくん、ふうと、
まこっちゃん、れおさん"
ゆびをふる,ぶっちー、ふうと、れおさん
ロックオン,まちだ、とうま、あゆま、ともき、はるた、ふうと
あばれる,うめ、とうま、もりもり、あゆま、まっちゃん、せな、いっくん
いかりのまえば,もりもり
かいりき,えいらく、まっちゃん
かたきうち,えいらく、たかほ、まちだ、もりもり、あゆま、はるた、まっちゃん、せな
がむしゃら,"えいらく、たつた、もりみつ、たかほ、うめ、まちだ、とうま、もりもり、あゆま、
ぶっちー、ともき、はるた、まっちゃん、みっちー、にしき、せな、いっくん、ふうと、
まこっちゃん、れおさん"
からげんき,たつた、もりもり、れおさん
ギガインパクト,えいらく
きりさく,とうま、せな
こうそくスピン,えいらく、もりみつ、うめ、とうま、ぶっちー、みっちー、にしき、ふうと
じたばた,もりもり、いっくん
じばく,えいらく、たつた、もりみつ、とうま、もりもり、にしき、いっくん
しめつける,とうま
しんそく,えいらく、まちだ、あゆま、ともき、はるた、まっちゃん、みっちー
ずつき,"えいらく、たつた、もりみつ、たかほ、うめ、まちだ、とうま、もりもり、あゆま、
ぶっちー、ともき、はるた、まっちゃん、みっちー、にしき、せな、いっくん、ふうと、
れおさん"
すてみタックル,もりもり、にしき
たいあたり,"えいらく、たつた、もりみつ、たかほ、うめ、まちだ、とうま、もりもり、あゆま、
ぶっちー、ともき、はるた、まっちゃん、みっちー、にしき、せな、いっくん、ふうと、
れおさん"
ダブルアタック,"えいらく、もりみつ、たかほ、とうま、あゆま、はるた、まっちゃん、みっちー、せな、
ふうと"
でんこうせっか,えいらく、とうま、あゆま、はるた、まっちゃん、ふうと
とっしん,"えいらく、たつた、もりみつ、たかほ、うめ、まちだ、とうま、もりもり、あゆま、
ぶっちー、ともき、はるた、まっちゃん、みっちー、にしき、せな、いっくん、ふうと、
れおさん"
ねこだまし,とうま
のしかかり,うめ、もりもり、いっくん
ハサミギロチン,せな、まこっちゃん
フェイント,"えいらく、もりみつ、たかほ、うめ、とうま、あゆま、はるた、まっちゃん、
みっちー、ふうと"
ふみつけ,あゆま、みっちー
ほしがる,いっくん、ふうと
みだれづき,もりみつ、れおさん
わるあがき,"えいらく、たつた、もりみつ、たかほ、うめ、まちだ、とうま、もりもり、あゆま、
ぶっちー、ともき、はるた、まっちゃん、みっちー、にしき、せな、いっくん、ふうと、
まこっちゃん、れおさん"
いびき,もりもり、にしき、いっくん、ふうと
ウェザーボール,もりもり、ともき
エコーボイス,えいらく、たつた、いっくん、ふうと
さわぐ,"たつた、もりみつ、うめ、とうま、もりもり、あゆま、ともき、はるた、まっちゃん、
にしき、せな、いっくん、ふうと"
スピードスター,まちだ、あゆま、ともき、はるた、まっちゃん、みっちー
ハイパーボイス,えいらく、たつた、とうま、もりもり、あゆま、いっくん、ふうと、れおさん
はかいこうせん,うめ、もりもり、はるた、いっくん
ばくおんぱ,えいらく、とうま、いっくん
ギアチェンジ,あゆま、はるた、せな、まこっちゃん
きんぞくおん,えいらく、まちだ、とうま、あゆま、はるた、みっちー、せな、まこっちゃん
てっぺき,えいらく、まちだ、もりもり、あゆま、みっちー、せな
アイアンテール,あゆま、せな
アイアンヘッド,あゆま、はるた、せな
コメットパンチ,あゆま、まっちゃん、せな
ジャイロボール,えいらく、たつた、とうま、あゆま、はるた、せな
スマートホーン,あゆま、せな
ハードプレス,もりもり、あゆま、せな、いっくん
バレットパンチ,あゆま、まっちゃん、せな
ヘビーボンバー,もりもり、いっくん
メタルクロー,あゆま、せな
ゴールドラッシュ,もりみつ
タキオンカッター,あゆま、ぶっちー、はるた、まこっちゃん
てっていこうせん,あゆま、はるた
はめつのめがい,れおさん
ラスターカノン,あゆま、せな、まこっちゃん
おいかぜ,もりみつ、ともき、ふうと
きりばらい,たかほ、ぶっちー、まこっちゃん
はねやすめ,もりみつ、ともき
フェザーダンス,えいらく、まちだ、ふうと
アクロバット,もりみつ、とうま、あゆま、ともき、まっちゃん、ふうと
ゴットバード,もりみつ、ともき
そらをとぶ,"えいらく、たつた、もりみつ、たかほ、あゆま、ともき、はるた、みっちー、せな、
ふうと、まこっちゃん"
ダブルウイング,もりみつ、たかほ、ともき、ふうと
ついばむ,とうま、はるた、にしき
つつく,もりみつ、とうま、ともき
つばさでうつ,もりみつ、ともき
つばめがえし,たつた、もりみつ、とうま、あゆま、ともき、まっちゃん、ふうと
とびはねる,うめ、もりもり
ドリルくちばし,もりみつ、ともき
ブレイブバード,もりみつ
エアカッター,もりみつ、とうま、ぶっちー、ともき、みっちー
エアスラッシュ,もりみつ、とうま、ともき、みっちー
かぜおこし,たつた、あゆま、ともき
こがらしあらし,もりみつ、うめ、ともき、ふうと
ぼうふう,もりみつ、とうま、もりもり、ともき、せな、ふうと
あまえる,えいらく、とうま、もりもり、はるた、にしき、いっくん
つきのひかり,もりみつ、ぶっちー、はるた、まこっちゃん
つぶらなひとみ,えいらく
てんしのキッス,ぶっちー、はるた、まこっちゃん
ミストフィールド,ぶっちー、はるた、まこっちゃん
じゃれつく,"えいらく、たつた、もりみつ、たかほ、うめ、とうま、もりもり、あゆま、ぶっちー、
ともき、はるた、まっちゃん"
チャームボイス,まちだ、もりもり、ぶっちー、はるた、ふうと、まこっちゃん
ドレインキッス,もりもり、ぶっちー、はるた、まこっちゃん
マジカルシャイン,まちだ、ぶっちー、はるた、まこっちゃん
ミストバースト,ぶっちー、はるた、まこっちゃん
みわくのボイス,えいらく、まちだ、ぶっちー、はるた、まこっちゃん
ムーンフォース,もりみつ、ぶっちー、はるた、まこっちゃん
ようせいのかぜ,ぶっちー、はるた、まこっちゃん
おにび,うめ、ぶっちー、にしき
にほんばれ,はるた
かえんぐるま,もりみつ、ふうと
かえんボール,もりみつ、まちだ、あゆま、はるた、みっちー、ふうと
せいなるほのお,ふうと
ニトロチャージ,もりみつ、まちだ、あゆま、ともき、はるた、まっちゃん、みっちー、ふうと
フレアドライブ,もりみつ、ふうと
ブレイズキック,もりみつ、まちだ、あゆま、はるた、みっちー、ふうと
ほのおのキバ,もりみつ、ふうと
ほのおのパンチ,もりみつ、まっちゃん、ふうと
やけっぱち,もりみつ、もりもり、ふうと
オーバーヒート,もりみつ、はるた、ふうと
かえんほうしゃ,もりみつ、ともき、ふうと
しっとのほのお,えいらく、あゆま、にしき、れおさん
だいもんじ,もりみつ、まっちゃん、ふうと
ねっぷう,もりみつ、たかほ、ふうと
フレアソング,えいらく、たつた、ふうと
ふんか,もりみつ、もりもり、あゆま、ふうと
ほのおのうず,もりみつ、とうま、ふうと
ほのおのまい,ふうと
マジカルフレイム,まちだ、ぶっちー、はるた、まこっちゃん
もえつきる,もりみつ、とうま、もりもり、はるた
れんごく,あゆま
アクアリング,えいらく、まちだ
あまごい,れおさん
からにこもる,もりもり、れおさん
アクアカッター,えいらく、まちだ、とうま、ぶっちー
アクアジェット,えいらく、まちだ
アクアステップ,えいらく、まちだ
アクアテール,えいらく、まちだ
アクアブレイク,えいらく、まちだ
クイックターン,えいらく、まちだ、あゆま、まっちゃん
ジェットパンチ,えいらく、まちだ、まっちゃん
ダイビング,もりみつ、たかほ、まちだ、あゆま、まっちゃん
たきのぼり,えいらく、うめ、まちだ、みっちー、ふうと
うずしお,まちだ、みっちー、せな
うたかたのアリア,まこっちゃん
しおふき,えいらく、まちだ
だくりゅう,たつた、もりもり、いっくん
なみのり,えいらく、もりみつ、たかほ、まちだ、まっちゃん、れおさん
ねっとう,とうま
ねらいうち,まちだ、あゆま、ともき、はるた
ハイドロポンプ,えいらく、まちだ
バブルこうせん,えいらく、まちだ
ひやみず,うめ
みずのはどう,えいらく、まちだ、れおさん
いとをはく,えいらく、もりみつ、とうま、ぶっちー、みっちー、いっくん、れおさん
ちょうのまい,ぶっちー、ふうと、れおさん
ねばねばネット,えいらく、もりみつ、うめ、とうま、ぶっちー、みっちー、いっくん、れおさん
ほたるび,ぶっちー
きゅうけつ,うめ、れおさん
シザークロス,とうま、はるた
であいがしら,えいらく、たかほ、にしき、せな、れおさん
とどめばり,ぶっちー、れおさん
とびかかる,"もりみつ、うめ、とうま、もりもり、あゆま、ぶっちー、はるた、まっちゃん、ふうと、
れおさん"
とんぼがえり,"えいらく、たつた、もりみつ、たかほ、うめ、まちだ、もりもり、あゆま、ぶっちー、
ともき、はるた、まっちゃん、みっちー、にしき、せな、いっくん、ふうと、れおさん"
ミサイルばり,もりみつ、ぶっちー、れおさん
メガホーン,ぶっちー、ふうと、れおさん
れんぞくぎり,とうま、ぶっちー、いっくん
かふんだんご,たつた、うめ、ぶっちー、ともき、れおさん
まとわりつく,もりみつ、いっくん、れおさん
むしのさざめき,ぶっちー、れおさん